2,0,0.7473433688360837,-0.17792463137787132,0.2716254652924652,-0.2339649697947457,0.1269024197672338,0.020315160484538308,-5.21940043007562,-0.09868792819215981
2,1,0.693421993758327,-0.54782975058247,0.003101766696725459,0.37593050493112756,0.047682581796221805,-0.2237546233392006,-1.160972687629598,2.4490453089183477
2,2,0.602106909224733,-0.956553966446144,0.3168097118138595,0.4151910479286561,-0.19028435901863605,0.015748569633657384,1.0282512208806989,2.4283357444741225
2,3,0.5030099243711822,-1.410296404866992,0.3191888662994264,-0.39562671205916444,0.080867612530716,0.079612615143203,2.582284261081297,2.0010807860524786
2,4,0.4150291596261356,-1.8936897817327036,0.08721230097314128,0.35184737797593607,-0.017103673098475908,-0.060524935592047614,3.823381473504304,1.5840634859573184
2,5,0.3385988061860821,-2.3912161082716925,0.47754777115272495,-0.2999462559325469,-0.0012423427950914675,0.03579517451952642,4.837386793196664,1.264151561257477
2,6,0.26650468049037873,-2.895821252324075,0.02319100135413754,-0.24253203120569955,0.004644085949864739,-0.02026362010873231,5.669061564015718,1.0212564855960022
2,7,0.18564466734040377,-3.4076823444122706,0.4471865978729426,0.1719388684840426,-0.003714141241029504,0.010827614253010395,6.374729070014337,0.7862728296467204
2,9,0.12652701025123886,-4.605289530317105,0.42860094812045474,-0.12025251859909047,0.004192448016007166,0.004901965092480178,7.497089833290487,1.054031572290965
2,10,0.1531069257719626,-5.1216532347630155,0.06305297062293576,0.14692112211049893,-0.004696803829279317,-0.0052892319346806065,7.828550682401198,0.9893148830618971
2,11,0.1651962892832454,-5.630884745215975,0.44913531731076733,-0.1600498833799784,0.004681601072453169,0.005381632271688508,8.116158222420921,0.9644942996462507
2,12,0.17145584412662918,-6.137389487862409,0.038436904557800605,0.16777041882555327,-0.004484731780753805,-0.005342421003037876,8.361694475656888,0.9516457385081585
2,13,0.17478852474719922,-6.642460476865116,0.47339449645364723,-0.1728092509227069,0.004225494240418972,0.005236339265782935,8.572254881033336,0.9445105917787028
2,14,0.1764778815211794,-7.146641396615845,0.015594217117701962,0.1763610933336157,-0.003952846132075518,-0.0050958821095946245,8.754001329094137,0.9406658562091693
2,15,0.17718077424038864,-7.65021041629082,0.49456345071263313,-0.17902463555332193,0.0036877737255446813,0.004938940451383413,8.911882755492064,0.9388730305183539
2,16,0.17726580491880814,-8.153329177350887,0.0039024814336711105,-0.18112523923529794,-0.003438962472856343,-0.004775793249939177,9.049845086570537,0.9383975106664632
2,17,0.17726580491880387,-8.153329177350907,0.0039024814336531786,-0.18112523923529394,-0.0034389624728568546,-0.004775793249938777,9.049845086570379,0.9383975106684851
2,18,0.1769534131501938,-8.656100419105444,0.4875170922775724,0.18284996945103096,0.003209407312323134,0.00461244715516305,9.171051561160377,0.9387671272727721
2,19,0.1756402482613312,-9.6608594981426,0.47236309677182453,0.18557953325617316,0.0028081238301384723,0.004297650212184938,9.372950783902176,0.9408719709994906
2,20,0.1763816962479806,-9.158593913799258,0.020372089166400997,-0.18431128716425507,-0.0029994296527407023,-0.0044524029526292926,9.278058784081354,0.9396647068637891
2,21,0.17564024826128932,-9.66085949814265,0.47236309677187327,0.18557953325613422,0.002808123830139354,0.004297650212183253,9.372950783904887,0.9408719710059803
2,22,0.17478877652003177,-10.162934199017272,0.03434026200013137,-0.18670040154759415,-0.0026340704162376317,-0.004149251362845722,9.457440404578895,0.9422368490111885
2,23,0.17386790057247636,-10.664846401122945,0.45946030820244244,0.18770470679884788,0.002475691130048745,0.0040076951007831435,9.532946342896558,0.9436529804743412
2,24,0.1729056889963285,-11.166618422135395,0.046286947269050735,-0.18861401317878596,-0.0023314229072978854,-0.00387311499965661,9.600652153984246,0.9450462107352438
2,25,0.17192175732819148,-11.668268178135206,0.44837185189439427,0.1894439627829882,0.0021997989327497422,0.0037454269552824565,9.661551852359631,0.9463653869901201
2,26,0.17092991343501296,-12.169810302837918,0.05660416761172718,-0.1902062919407228,-0.0020794814760937024,-0.0036244165945270622,9.716485471560475,0.9475759331085148
2,27,0.16993990813882676,-12.671256924716749,0.43874887424693365,0.1909100817338583,0.001969269970237273,0.0035097952518425932,9.766167034352623,0.9486552849839528
2,28,0.16895861862406328,-13.17261822190572,0.06560090650361915,-0.19156255228054436,-0.0018680967689392739,-0.003401235898324669,9.81120673491604,0.9495896046456556
2,29,0.1679908632304404,-13.67390282812924,0.43031834274504266,0.1921695797462721,0.0017750172242552587,0.003298396129887258,9.85212866737794,0.9503713911214463
2,30,0.16703997145945473,-14.175118135962919,0.07351824974602855,-0.19273604146792866,-0.0016891976131682147,-0.003200932725134331,9.88938509855728,0.9509977295909455
2,31,0.16610818830858615,-14.676270527604327,0.4228673057111517,0.19326605234803979,0.001609902752324092,0.0031085106764032044,9.923368037399005,0.9514690009730086
2,32,0.16519696457960203,-15.177365553349468,0.08054450589708421,-0.1937631310266347,-0.0015364842155082732,-0.0030208085852871385,9.954418673693414,0.9517879267539464
2,33,0.1643071675274268,-15.678408071619117,0.41622897547962534,0.19423031971865987,0.0014683695642559481,0.0029375216667601356,9.982835125326838,0.9519588599891184
2,34,0.1634392351133533,-16.17940236023077,0.08682769329899902,-0.19467027279986893,-0.001405052730359522,-0.002858363186790821,10.008878833536155,0.9519872584331712
2,35,0.1625932898539432,-16.680352205836222,0.4102717006085631,0.19508532383716026,0.00134608554694479,0.002783064883621194,10.032779870646111,0.9518792931116069
2,36,0.16176922341184918,-17.18126097655153,0.0924851819693897,-0.19547753741321167,-0.0012910703549334228,-0.0027113767410896785,10.054741367719139,0.9516415581616626
2,37,0.16096675979635267,-17.68213168148732,0.4048905882895959,0.1958487499839815,0.0012396535817260103,0.002643066361064308,10.074943225893103,0.9512808566278497
2,38,0.16018550279163046,-18.18296701995441,0.097610945711805,-0.19620060265438982,-0.0011915201805891742,-0.0025779181005218957,10.093545241468906,0.9508040433802686
2,39,0.15942497166499522,-18.683769422450307,0.40000123870506005,0.19653456787427628,0.0011463888221562933,0.0025157320836780564,10.110689748748428,0.9502179112852722
2,40,0.15868462810556003,-19.184541085036567,0.10228097172640375,-0.19685197147051017,-0.00110400773769529,-0.002456323162183981,10.126503864485278,0.9495291097077394
2,41,0.15796389656492563,-19.685283998363587,0.39553507354171186,0.19715401104194666,0.0010641511244436068,0.0023995198709886945,10.141101401069365,0.948744087787116
2,42,0.15726217960307046,-20.185999972319195,0.10655729812382488,-0.19744177146695452,-0.0010266160340765146,-0.0023451634100909,10.154584503754261,0.9478690561320224
2,43,0.15657886943851299,-20.686690657076674,0.39143584180750024,0.19771623808873284,0.0009912196758838732,0.002293106670667347,10.167045056612466,0.9469099623852394
2,44,0.15591335660220934,-21.187357561162788,0.11049104290262284,-0.19797830800866165,-0.000957797075755916,-0.002243213316070473,10.178565893904352,0.9458724774480184
2,45,0.15526503637450337,-21.6880020670374,0.3876569891464347,0.19822879981998864,0.0009261990404179591,0.002195356922853484,10.189221847319038,0.9447619892187568
2,46,0.154633313521832,-22.188625444591082,0.11412469342347589,-0.19846846204477428,-0.0008962903838369416,-0.002149420183411832,10.19908065395076,0.9435836022614319
2,47,0.15401760572596435,-22.689228862884903,0.38415966098975635,0.1986979804811081,0.0008679483789642528,0.0021052941695227454,10.208203746052526,0.942342141556969
2,48,0.15341734600854162,-23.189813400402162,0.11749385194061417,-0.19891798462964858,-0.0008410614034764953,-0.00206287765462208,10.21664693982162,0.9410421592591113
2,49,0.15283198438451415,-23.690380054034982,0.38091117323319906,0.19912905333790032,0.0008155277528038566,0.0020220764917940424,10.22446103760376,0.9396879436531428
2,50,0.15226098892014947,-24.190929746983656,0.12062857857062087,-0.1993317197703458,-0.0007912545975792691,-0.0019828030439410665,10.231692356295925,0.9382835291615007
2,51,0.15170384634208045,-24.69146333573354,0.3778838302104753,0.19952647580710792,0.0007681570661933944,0.001944975662487972,10.23838319115943,0.9368327078058012
2,52,0.1511600622937746,-25.191981616221444,0.12355443402911319,-0.19971377593544706,-0.0007461574356222718,-0.001908518210804715,10.244572225406444,0.9353390404420496
2,53,0.1506291613371622,-25.692485329316806,0.3750540027679475,0.1998940407163118,0.0007251844165049569,0.0018733596288269413,10.250294891067758,0.9338058687690154
2,54,0.15011068675312125,-26.192975165697167,0.12629329654507698,-0.20006765986822286,-0.0007051725201162818,-0.0018394335353046003,10.255583688957026,0.9322363270648888
2,55,0.14960420019927786,-26.693451770199015,0.37240140283310946,0.20023499502408948,0.0006860614968070087,0.0018066778644834913,10.260468472256683,0.9306333536137276
2,56,0.14910928126036413,-27.19391574571126,0.12886400742138931,-0.20039638219715902,-0.0006677958368962175,-0.0017750345341309374,10.26497669873804,0.9289997019485826
2,57,0.14862552692434805,-27.694367656668994,0.3699085077318021,0.2005521339935228,0.0006503243262570386,0.0017444491421169958,10.269133655305755,0.9273379518754039
2,58,0.14815255100880909,-28.19480803219038,0.1312828854411529,-0.20070254160086717,-0.0006335996498294344,-0.0017148706889814284,10.272962658398555,0.9256505196374504
2,59,0.14768998355485446,-28.695237368905754,0.36756009963285435,0.2008478765792119,0.0006175780373197325,0.001686251324100153,10.276485233095507,0.9239396679505302
2,60,0.14723747020127648,-29.19565613350987,0.13356414001000366,-0.20098839247367695,-0.0006022189460007126,-0.0016585461132926776,10.279721273787674,0.9222075154177855
2,61,0.14679467155577125,-29.696064765072396,0.3653428942420745,0.20112432627557872,0.0005874847762822729,0.0016317128259579856,10.282689187940827,0.9204560455209163
2,62,0.14636126256507792,-30.19646367713005,0.13572020546376073,-0.20125589974161456,-0.0005733406162046584,-0.0016057117399086804,10.28540602561643,0.9186871150057777
2,63,0.14593693189450496,-30.696853259587176,0.36324523927132873,0.20138332059095512,0.0005597540115696382,0.0015805054623247447,10.287887595926524,0.9169024618422146
2,64,0.14552138131988332,-31.19723388044448,0.1377620135115479,-0.20150678359156532,-0.0005466947588013777,-0.001556058765354518,10.290148572068874,0.9151037127248516
2,65,0.14511432513613315,-31.69760588737456,0.36125686786434,0.2016264715482378,0.0005341347180057802,0.0015323384350481347,10.29220258613054,0.9132923901437365
2,66,0.14471548958471128,-32.19796960915888,0.139699216757083,-0.20174255620222456,-0.0005220476439955116,-0.0015093131324283352,10.29406231482766,0.9114699189215891
2,67,0.1443246123005175,-32.6983253570026,0.3593686956519984,0.20185519905077406,0.0005104090333466502,0.001486953265606715,10.295739557194858,0.9096376324924803
2,68,0.14394144177970927,-33.19867342573757,0.1415403732464997,-0.2019645520946979,-0.0004991959857538043,-0.0014652308719737158,10.297245305104829,0.9077967787217127
2,69,0.14356573687331362,-33.69901409492426,0.35757265268256744,0.2020707585257105,0.0004883870781744884,0.0014441195096091361,10.298589806966078,0.9059485251440937
2,70,0.14319726629589427,-34.19934762986642,0.1432930997569394,-0.2021739533488356,-0.00047796225044631507,-0.0014235941570263585,10.299782626201187,0.9040939643396407
2,71,0.14283580816381675,-34.69967428254054,0.35586154341550497,0.20227426396012843,0.00046790270116210073,0.0014036311206404616,10.300832693881151,0.9022341184138484
2,72,0.14248114954801253,-35.19999429245433,0.14496419984356024,-0.20237181066995072,-0.00045819079279178326,-0.0013842079491874634,10.301748357268453,0.9003699436556127
2,73,0.14213308605295263,-35.70030788743711,0.3542289294554231,0.2024667071887116,0.00044880996510504405,0.0013653033545917472,10.30253742368595,0.8985023346479789
2,74,0.14179142141480838,-36.20061528436826,0.14655977137350695,-0.20255906107218888,-0.0004397446560663647,-0.0013468971386936008,10.303207200737617,0.8966321280435547
2,75,0.14145596711740546,-36.70091668985264,0.352669030816185,0.2026489741297984,0.0004309802294930158,0.001328970125339677,10.303764533219317,0.8947601063684216
2,76,0.1411265420274611,-37.20121230084187,0.14808529729847178,-0.20273654280038092,-0.0004225029087833103,-0.0013115040974118596,10.304215837008632,0.8928870012223917
2,77,0.14080297205284684,-37.701502305215996,0.35117664237090496,0.2028218585050927,0.00041429971620409096,0.0012944817384098718,10.304567129517027,0.8910134967359515
2,78,0.1404850898119466,-38.201786882315936,0.14954572264097937,-0.20290500796548896,-0.0004063584171171783,-0.0012778865781566918,10.30482405840382,0.8891402323109476
2,79,0.14017273432297306,-38.70206620344042,0.34974706283130846,0.20298607350139633,0.0003986674687551232,0.0012617029423474862,10.30499192758816,0.8872678053557755
2,80,0.13986575070843296,-39.20234043231039,0.15094552009448692,-0.2030651333062688,-0.00039121597312213435,-0.0012459159056103979,10.305075721160017,0.8853967741141155
2,81,0.13956398991496682,-39.70260972549739,0.34837603409160206,0.20314226170188374,0.0003839936336053324,0.0012305112478119635,10.305080125466208,0.8835276599551319
2,82,0.13926730844780896,-40.20287423282379,0.15228874615438365,-0.2032175293750406,-0.00037699071499477737,-0.001215475413348899,10.305009549391723,0.8816609496505301
2,83,0.13897556811734157,-40.70313409773558,0.34705968922630204,0.20329100359549507,0.0003701980065963168,0.0012007954731850466,10.304868143210882,0.879797097517573
2,84,0.13868863580309437,-41.20338945765,0.15357908935479075,-0.20336274842329377,-0.0003636067881700744,-0.0011864590894572885,10.304659815574501,0.8779365272936728
2,85,0.1384063832209482,-41.70364044428303,0.3457945077083851,0.20343282489226916,0.0003572087984578743,0.0011724544823748467,10.30438824994244,0.8760796344070337
2,86,0.13812868671173867,-42.20388718394603,0.15481991187471328,-0.20350129118954438,-0.0003509962060170026,-0.0011587703993532657,10.304056919155167,0.8742267869628247
2,87,0.13785542703550566,-42.70412979784036,0.3445772767117214,0.20356820282014718,0.0003449615823071778,0.0011453960861147934,10.30366909892193,0.8723783284123359
2,88,0.13758648917808963,-43.20436840231097,0.15601428556562977,-0.20363361275857716,-0.0003390978766216838,-0.0011323212596731935,10.303227880735312,0.8705345779274977
2,89,0.1373217621629828,-43.70460310910232,0.34340505753985556,0.20369757158836668,0.00033339839293441184,0.0011195360830052545,10.30273618376509,0.8686958325856547
2,90,0.13706113888254728,-44.2048340255966,0.15716502326283627,-0.20376012764309023,-0.00032785676839790424,-0.0011070311413770278,10.302196765029073,0.8668623689864557
2,91,0.1368045159279114,-44.70506125501941,0.3422751564146391,0.20382132712403406,0.00032246695326339995,0.0010947974201060246,10.301612230202768,0.865034443381433
2,92,0.13655179342814305,-45.20528489665554,0.1582747060677738,-0.2038812142150051,-0.0003172231923305248,-0.0010828262836940132,10.300985042994274,0.863212293860315
2,93,0.1363028749044238,-45.70550504604019,0.34118509894441873,0.20393983119556602,0.00031212000762471194,0.0010711094562831259,10.300317533520587,0.8613961411595863
2,94,0.13605766712641432,-46.205721795139084,0.15934570723337063,-0.20399721854150185,-0.0003071521822623365,-0.0010596390032726174,10.299611906550492,0.8595861895724155
2,95,0.13581607997525966,-46.70593523252331,0.34013260778690246,0.20405341501940752,0.0003023147454388868,0.0010484073140380283,10.298870249076886,0.85778262830585
2,96,0.13557802631484883,-47.20614544352142,0.1603802131008115,-0.2041084577748413,-0.00029760295836414645,-0.0010374070856949262,10.298094537556475,0.8559856315700634
2,97,0.13534342186994286,-47.70635251038152,0.3391155829919354,0.20416238241910273,0.00029301230122731847,0.0010266313078164712,10.297286644115362,0.8541953603531415
2,98,0.135112185111461,-48.20655651240608,0.16138024155322767,-0.20421522310892853,-0.00028853846093191326,-0.0010160732480598506,10.296448342687578,0.8524119624179238
2,99,0.13488423713852585,-48.70675752610112,0.33813208469345873,0.20426701261537217,0.000284177319733885,0.0010057264385749224,10.295581314971884,0.8506355745257439
2,100,0.13465950156697265,-49.20695562528715,0.16234765824332537,-0.20431778238387932,-0.0002799249444691102,-0.0009955846632129766,10.294687156701615,0.8488663217742717
2,101,0.13443790445385095,-49.707150881207795,0.3371803178277379,0.2043675626266132,0.0002757775765049451,0.0009856419456065763,10.293767380614407,0.847104316542352
2,102,0.13421937418663604,-50.207343362701806,0.1632841910524462,-0.204416382377948,-0.00027173162263464674,-0.000975892537709821,10.292823420952505,0.8453496647916147
2,103,0.13400384135364482,-50.7075331362286,0.33625861855473294,0.20446426949359015,0.00026778364589457145,0.0009663309089287003,10.29185664338612,0.843602460156183
2,104,0.1337912387584331,-51.20772026604591,0.1641914427899948,-0.204511250836303,-0.0002639303577166955,-0.0009569517364261688,10.2908683379063,0.8418627887715991
2,105,0.1335815011889127,-51.70790481423951,0.335365442221581,0.2045573521449741,0.00026016860983680065,0.000947749894897467,10.289859737750012,0.8401307275187261
2,106,0.13337456549509488,-52.208086840896094,0.1650709025965677,-0.20460259827964855,-0.0002564953874599052,-0.0009387204482000282,10.288832006649436,0.8384063478707406
2,107,0.133170370398639,-52.70826640406953,0.3344993526669784,0.20464701311282207,0.0002529078018617554,0.0009298586403140685,10.287786255644608,0.8366897083955016
2,108,0.1329688564378063,-53.20844356000407,0.16592395609328375,-0.20469061961859011,-0.0002494030846086032,-0.0009211598872728872,10.286723541060171,0.8349808674806339
2,109,0.13276996597586535,-53.70861836312896,0.33365901262976577,0.20473343998826726,0.0002459785811796874,0.0009126197698536214,10.285644862599039,0.8332798742421397
2,110,0.13257364305580427,-54.20879086610958,0.16675189430227944,-0.20477549557288013,-0.00024263174517011896,-0.00090423402596713,10.28455117384749,0.8315867688672645
2,111,0.13237983334002115,-54.70896111997463,0.3328431751592334,0.2048168069333284,0.0002393601331921755,0.0008959985437667258,10.283443383184348,0.8299015880227115
2,112,0.13218848407637507,-55.209129174173555,0.1675559219865228,-0.2048573939039294,-0.00023616139980342152,-0.000887909355232605,10.282322354102885,0.8282243636760839
2,113,0.131999544045692,-55.709295076631776,0.3320506759900492,0.20489727562976032,0.0002330332927229265,0.0008799626299977588,10.28118890727215,0.8265551225369902
2,114,0.13181296349391852,-56.2094588738021,0.16833716465798096,-0.20493647058122827,-0.00022997364831123338,-0.0008721546694162261,10.280043824077136,0.8248938858700134
2,115,0.1316286940777329,-56.70962061073125,0.33128042666807367,0.2049749965832392,0.0002269803873804192,0.0008644819009709892,10.2788878485841,0.8232406706258143
2,116,0.1314466888123073,-57.20978033111201,0.1690966752693734,-0.20501287084053274,-0.00022405151119189184,-0.0008569408729654204,10.277721689686954,0.8215954895184998
2,117,0.13126690202384245,-57.70993807733509,0.3305314082850122,0.20505010996506848,0.00022118509768533835,0.0008495282494886109,10.276546022851443,0.8199583512265216
2,118,0.13108928930466582,-58.21009389052483,0.16983544009918566,-0.2050867300001171,-0.00021837929786146628,-0.0008422408056348307,10.275361492047765,0.8183292593469469
2,119,0.13091380749533124,-58.710247810596,0.32980266581400364,0.20512274647706175,0.00021563233245841583,0.0008350754230471952,10.274168708778316,0.8167082128157738
2,120,0.13074041464464428,-59.21039987634652,0.17055438416385085,-0.20515817445008377,-0.00021294248894595497,-0.000828029085576489,10.27296825222646,0.8150952102882421
2,121,0.13056906987107303,-59.710550125511816,0.32909330324689634,0.20519302840407444,0.00021030811851820106,0.0008210988747805007,10.271760679130754,0.8134902537099888
2,122,0.13039973331368568,-60.21069859462412,0.17125437555217873,-0.2052273222286011,-0.00020772763254739426,-0.0008142819660168922,10.270546530444992,0.8118933325871304
2,123,0.13023236640640534,-60.71084531912041,0.32840247885806473,0.2052610696196872,0.00020519950022974796,0.0008075756258502395,10.269326303287814,0.8103044227007421
2,124,0.1300669315326714,-61.21099033378201,0.17193623067073982,-0.20529428380745496,-0.00020272224742743224,-0.0008009772072185287,10.268100469861945,0.8087235294196373
2,125,0.12990339177782811,-61.71113367204355,0.3277294012076486,0.20532697718317577,0.00020029445149173306,0.0007944841454468406,10.266869515072152,0.8071506286264578
2,126,0.12974171178690522,-62.21127536657851,0.17260071728833876,-0.2053591624791426,-0.00019791474120791272,-0.0007880939581311088,10.265633845467828,0.8055856940988705
2,127,0.1295818563901118,-62.711415449292,0.3270733250324571,0.20539085117880643,0.00019558179413193925,0.0007818042371727089,10.264393909897729,0.8040287265377726
2,128,0.12942379211357777,-63.211553950899436,0.17324855859514465,-0.2054220552836575,-0.0001932943332341419,-0.0007756126514939929,10.263150075363322,0.802479676567784
2,129,0.12926748548465117,-63.711690901645504,0.32643354814627057,0.20545278546979803,0.0001910511270278774,0.0007695169381141947,10.261902758170566,0.8009385457098465
2,130,0.12911290482960575,-64.2118263307932,0.17388043642102002,-0.20548305318191004,-0.00018885098615163635,-0.0007635149060499068,10.260652277010847,0.7994052950507572
2,131,0.12896001835572868,-64.71196026659645,0.3258094082306269,0.20551286837464963,0.00018669276103088005,0.0007576044271025067,10.259399021412463,0.7978798859542147
2,132,0.12880879562497147,-65.21209273725586,0.1744969944159048,-0.20554224149426512,-0.00018457534369516608,-0.0007517834384734318,10.258143298479109,0.7963623258206296
2,133,0.12865920709372136,-65.71222376946174,0.32520028030182774,0.20557118269297414,0.00018249766095873997,0.0007460499391568794,10.256885407358197,0.7948525485455862
2,134,0.12851122332326828,-66.21235338943353,0.17509884048979268,-0.20559970111033152,-0.00018045867625808532,-0.0007404019849101501,10.255625682725679,0.7933505219306374
2,135,0.12836481593095425,-66.71248162313503,0.3246055727765738,0.20562780609023532,0.00017845738898298493,0.0007348376894045076,10.254364405566692,0.7918562412639228
2,136,0.1282199574986313,-67.21260849557756,0.17568654881262363,-0.20565550697510268,-0.00017649283063898296,-0.0007293552220303942,10.253101827062368,0.7903696681591256
2,137,0.1280766210679191,-67.71273403094573,0.3240247274962335,0.20568281255341486,0.0001745640638163207,0.0007239528042934099,10.251838208926769,0.7888907513058323
2,138,0.12793478018791388,-68.21285825291821,0.17626066359138826,-0.20570973120686056,-0.00017267018193976218,-0.000718628708129492,10.250573810848719,0.7874194511083629
2,139,0.12779440907643438,-68.71298118470074,0.32345721450332215,0.20573627114036866,0.00017081030812495619,0.0007133812547035674,10.249308874926976,0.7859557366007771
2,140,0.12765548262915183,-69.21310284892681,0.1768216999742996,-0.20576244040317462,-0.0001689835936411098,-0.0007082088127895505,10.24804362653894,0.7844995745243428
2,141,0.1275179763600594,-69.71322326764847,0.3229025328055723,0.20578824684263108,0.00016718921672093654,0.0007031097969821434,10.246778279069604,0.7830509279806976
2,142,0.1273818663584005,-70.21334246236601,0.17737014577753848,-0.20581369808395333,-0.00016542638155222803,-0.000698082666026576,10.245513036296376,0.7816097581529906
2,143,0.1272471292478457,-70.71346045405302,0.3223602071679992,0.2058388015106383,0.000163694317303356,0.0006931259212234869,10.244248094694104,0.7801760256306713
2,144,0.12711374217990534,-71.21357726318206,0.17790646399439483,-0.20586356428553607,-0.00016199227720161552,-0.0006882381050030285,10.24298364276965,0.7787496910450229
2,145,0.12698168279948288,-71.71369290972368,0.3218297865059786,0.20588799333214558,0.00016031953756913875,0.0006834177994737575,10.241719863443944,0.7773307141124448
2,146,0.1268509292591513,-72.21380741312261,0.1784310942519786,-0.20591209537004065,-0.0001586753968413525,-0.0006786636251795165,10.240456932750481,0.7759190496364848
2,147,0.12672146028238035,-72.71392079229244,0.3213108420355225,0.20593587701298338,0.00015705917469327016,0.000673974240047813,10.239195013896916,0.7745146440755792
2,148,0.12659325524478282,-73.21403306576725,0.17894445499525394,-0.2059593449183812,-0.00015547021167570472,-0.000669348338408075,10.23793424622335,0.7731174453360612
2,149,0.12646629401114062,-73.71414425196156,0.3208029659138594,0.2059825056580803,0.00015390786915288278,0.0006647846493089643,10.23667475285007,0.7717274274962388
2,150,0.1263405564038024,-74.21425436904572,0.17944694246539464,-0.20600536506329387,-0.00015237152806413031,-0.0006602819338762074,10.235416688868497,0.7703445906961152
2,151,0.12621602229871562,-74.7143634340446,0.3203057729743291,0.20602792818884685,0.00015086058556722587,0.0006558389847140694,10.234160252900898,0.7689688798470445
2,152,0.12609267311531344,-75.21447146299381,0.1799389344701852,-0.20605020118783832,-0.0001493744550739911,-0.0006514546292083828,10.232905554573524,0.7676001631648369
2,153,0.12597049132522448,-75.71457847324471,0.3198188915576979,0.2060721911654975,0.00014791257218085553,0.0006471277267107816,10.231652604322973,0.7662384406391803
2,154,0.1258494572998065,-76.21468448196855,0.18042079081272394,-0.2060939020405535,-0.00014647438917479277,-0.0006428571587639973,10.23040161802611,0.7648837851521254
2,155,0.12572955299274013,-76.71478950286861,0.31934197353312765,0.206115338463976,0.00014505936559483257,0.0006386418392854845,10.229152773856605,0.7635359755927906
2,156,0.1256107631627743,-77.21489355276442,0.180892855482992,-0.2061365085860793,-0.00014366698657681664,-0.0006344807161597774,10.227905958607918,0.7621950340091672
2,157,0.1254930677938437,-77.71499664738496,0.3188746830771349,0.20615741394371984,0.00014229674927555253,0.0006303727495858943,10.226661512505716,0.7608610337368177
2,158,0.1253764526286544,-78.21509879909178,0.1813554536689304,-0.20617806202656846,-0.000140948157404106,-0.0006263169411764915,10.225419376426279,0.7595336666708794
2,159,0.12526089996606277,-78.71520002598724,0.3184167005038128,0.20619845665677813,0.0001396207448933243,0.0006223123062960007,10.224179675886123,0.7582132289974164
2,160,0.1251463941992219,-79.21530033802158,0.18180889730654878,-0.2062186022258746,-0.0001383140376081725,-0.0006183578904189355,10.222942557464808,0.7568993069247578
2,161,0.12503291971497935,-79.71539975360102,0.3179677217506664,0.20623850423314916,0.00013702759830879063,0.0006144527606258704,10.22170799687741,0.7555922431892714
2,162,0.12492046136345204,-80.2154982815177,0.18225348419642484,-0.20625816648891065,-0.00013576097687077954,-0.0006105960082649907,10.220476161738567,0.7542915815695607
2,163,0.12480900290252638,-80.71559593983844,0.31752745589698855,0.2062775927404354,0.00013451376093092936,0.0006067867420058823,10.219247123044864,0.7529977132769183
2,164,0.12469853249336041,-81.21569273746843,0.182689497914057,-0.20629679004412127,-0.00013328552634320044,-0.0006030241039073859,10.21802079631563,0.7517101812973856
2,165,0.12458903121684181,-81.71578868925884,0.3170956242833776,0.20631575735826813,0.00013207587609078648,0.000599307236582755,10.216797584152228,0.7504292221906322
2,166,0.12448048967588926,-82.2158838087716,0.18311720984968793,-0.20633450481220453,-0.00013088442218574654,-0.0005956353274079361,10.215577122863817,0.7491547809150968
2,167,0.12437289171297411,-82.71597810419202,0.31667196301972983,0.2063530327281322,0.0001297107730888651,0.0005920075652925559,10.214359757791728,0.7478865231440562
2,168,0.12426622189316439,-83.21607159139384,0.18353688328071807,-0.20637134336576882,-0.0001285545682335995,-0.000588423158697871,10.213145617883857,0.746624779373722
2,169,0.12416047090782567,-83.71616428205321,0.316256219747942,0.20638944545000745,0.00012741544710035278,0.0005848813500800086,10.211934419168658,0.7453694154701793
2,170,0.12405562460623414,-84.2162561842509,0.18394876196881643,-0.20640734063249155,-0.000126293049677716,-0.0005813813869167793,10.21072638174791,0.7441201251685968
2,171,0.12395166746254613,-84.71634731068501,0.3158481444883372,0.2064250293423463,0.00012518703750452332,0.000577922529605243,10.209521754535995,0.7428770491833717
2,172,0.12384858826093219,-85.21643767467961,0.18435308702249426,-0.20644251714959197,-0.0001240970834760287,-0.0005745040657565865,10.208320421325189,0.7416403112923801
2,173,0.123746376729795,-85.71652728616371,0.31544751387144426,0.2064598098315253,0.00012302286113930372,0.0005711253013745638,10.207122273812171,0.7404097514559687
2,174,0.12364502054303081,-86.21661615400245,0.18475008250324285,-0.20647691006490917,-0.00012196405016641143,-0.0005677855527061484,10.205927413663241,0.7391851882796594
2,175,0.12354450658294244,-86.71670428829924,0.31505409675543056,0.20649381943594308,0.00012092034192500173,0.0005644841488907359,10.204735994951221,0.7379665852240773
2,176,0.12344482265664286,-87.21679169999733,0.18513997371128404,-0.20651054052227008,-0.00011989143827411772,-0.0005612204358507885,10.203548087696452,0.7367539787259247
2,177,0.12334595761981015,-87.71687839972279,0.3146676809842433,0.20652707684398147,0.00011887704842607392,0.0005579937762293207,10.202363692530088,0.7355473772939969
2,178,0.12324790078375253,-88.21696439741658,0.18552296439797955,-0.20654343206191342,-0.00011787688777010762,-0.0005548035475305157,10.201182798516193,0.7343467429470965
2,179,0.12315064150423023,-88.71704970251064,0.31428806504917206,0.20655960950225183,0.00011689067806060854,0.0005516491407184115,10.200005413697848,0.7331520145492914
2,180,0.12305416914323881,-89.2171343241916,0.18589925530304235,-0.20657561216418707,-0.0001159181478376811,-0.0005485299597472337,10.198831562303605,0.7319631303706869
2,181,0.12295847315621382,-89.71721827153038,0.31391505050766366,0.20659144286009284,0.00011495903252469447,0.0005454454214152278,10.19766127433935,0.7307800366082124
2,182,0.12286354318863278,-90.21730155349204,0.1862690409897296,-0.20660710434557789,-0.00011401307424142585,-0.0005423949552535728,10.196494577013706,0.7296026856490859
2,183,0.12276936912507407,-90.71738417893707,0.31354844727481646,0.20662259938835045,0.00011308002160000889,0.0005393780033070705,10.195331490379571,0.7284310346644974
2,184,0.12267594109733101,-91.21746615664581,0.1866325070760758,-0.2066379307897588,-0.0001121596295582312,-0.0005363940198243369,10.194172025945953,0.7272650470248668
2,185,0.12258324942148673,-91.71754749537621,0.31318807420068917,0.2066531013226624,0.00011125165935030889,0.0005334424707915995,10.19301619054503,0.7261046980469781
2,186,0.1224912844440824,-92.21762820386158,0.18698983002193403,-0.20666811354256753,-0.00011035587827601155,-0.0005305228332784309,10.19186399908364,0.7249499775977802
2,187,0.12240003632380093,-92.71770829068936,0.31283375963025184,0.20668296949403328,0.00010947205922350061,0.000527634594667499,10.19071549514978,0.7238008840964483
2,188,0.12230949499950439,-93.21778776385477,0.18734117754299662,-0.20669767059142002,-0.0001085999794883035,-0.0005247772523538795,10.189570762789653,0.7226573873858121
2,189,0.12221965071485556,-93.71786663024523,0.3124853369150758,0.2067122181923518,0.00010773941951839833,0.0005219503147062905,10.188429893109321,0.7215193742920122
2,190,0.1221304952804953,-94.21794489599726,0.1876867191825363,-0.2067266152718108,-0.00010689016369923584,-0.0005191533035773284,10.187292871032675,0.7203866518762128
2,191,0.12204202250672956,-94.71802256851986,0.31214263380526175,0.2067408673588112,0.00010605200474745534,0.0005163857547726895,10.186159496899267,0.7192591073287843
2,192,0.12195422549073583,-95.2180996584649,0.1880266196528983,-0.2067549794679777,-0.00010522474762423892,-0.0005136472115770882,10.185029572136918,0.7181369286436056
2,193,0.12186709245765852,-95.71817617663372,0.31180550657789596,0.20676895023828148,0.00010440820212729973,0.0005109372156706968,10.183903310691399,0.7170204321344776
2,194,0.1217806098851266,-96.21825212693626,0.1883610092525838,-0.20678277458686653,-0.00010360216761703808,-0.0005082553144730194,10.18278122392625,0.7159094095143486
2,195,0.1216947732781383,-96.71832750952107,0.3114738051673843,0.20679645800692095,0.00010280644077380797,0.0005056010841434109,10.181663156673007,0.7148031655956699
2,196,0.12160958312859386,-97.21840233616011,0.1886900634631303,-0.2068100143112459,-0.00010202084853279747,-0.0005029741191373048,10.180548305627951,0.7137018842913601
2,197,0.1215250243719364,-97.71847662318986,0.31114738078177,0.20682343815384796,0.00010124523085079144,0.0005003739881922323,10.179437076725584,0.7126064647785961
2,198,0.12144108044520979,-98.21855036624322,0.18901389178204928,-0.20683671823152947,-0.00010047938742092771,-0.0004978002665286204,10.178330436201012,0.7115161271473865
2,199,0.12135775962933686,-98.71862356695912,0.3108260926878904,0.20684987585816114,0.00009972313687382124,0.0004952525898414869,10.17722716788791,0.710430091144935
2,200,0.12127505112425939,-99.21869625084527,0.18933265748118208,-0.2068629122466364,-0.00009897635125213452,-0.000492730559198907,10.176127157205075,0.709349965839514
